path,md5
test/aaaaaaju_0_0.png,ab3c5d71aa71f6405a965ec35631c720
test/aaaaaaju_0_14.png,b5b7491bc5ca7216e2ba4f73e88ad3d1
test/aaaaaaju_0_15.png,b49c809e70748b0bbb61cc962b741fb3
test/aaaaaaju_0_16.png,3144369d3c0835009f7a03e9098fb0b6
test/aaaaaaju_0_19.png,6ea29f89ae1243c219473e52a8e3b6c1
test/aaaaaaju_0_20.png,6e3e9ec7ea800869ddd7781de13c37b6
test/aaaaaaju_0_24.png,83e90dd7559cbb30de98ee47d03f14a1
test/aaaaaaju_0_32.png,b9d25e295c92515738e0bc4438a69254
test/aaaaaaju_0_39.png,3ef3937b7148017dc6cda2ab15d7e556
test/aaaaaaju_0_47.png,2abb30f54a84babfc8de34e28b8f9a10
test/aaaaaaju_0_55.png,45f46bc7d5de0fce0779a7ab89fa6daf
test/aaaaaaju_0_63.png,037b91939052ff1a7b365f3481b0b9b5
test/aaaaaaju_0_71.png,87dbbb0278c3606e3c23b008aa09df50
test/aaaaaaju_0_8.png,c9175e9c132c2ff9e97e654eb59d3133
test/aaaaaaju_1_0.png,028c15300b845731315f10b9dfcb8940
test/aaaaaaju_1_14.png,d03a6b8932d1c26bffb69b3f08775e69
test/aaaaaaju_1_20.png,babc6af50a5de102987a478154a6f68b
test/aaaaaaju_1_27.png,7c12f2cd5c92ac22a7a7fbb5bde8c717
test/aaaaaaju_1_32.png,5c68bedb5b7fe52705b03d8cad09e40b
test/aaaaaaju_1_33.png,a71cab71c0666df9fb7f0fbe05dc928e
test/aaaaaaju_1_34.png,789a50456ad80c62e8d005d59dd8239a
test/aaaaaaju_1_4.png,74cc0a444d9e90818d78b21613283cc6
test/aaaaaaju_1_41.png,dd77e28c4ba4eba2863ec4135dac90a9
test/aaaaaaju_1_47.png,7f7a759459258a57c9f856c529636b32
test/aaaaaaju_1_5.png,104d8c173cec229474aa7e6b3a3cac76
test/aaaaaaju_1_54.png,3c8684bff7c3bf9ec046bfb962764353
test/aaaaaaju_1_61.png,7ebd8a3d885be5a04549d0d8d8866045
test/aaaaaaju_1_7.png,cd86454871b4ffea3d7fb209c3e14612
test/aaaaaaju_1_9.png,f3af9574fba1525d44308e68ae5d9953
test/aaaaagqb_0_0.png,3897e16693ddeb9bb4cf82dbb6ee02c5
test/aaaaagqb_0_13.png,ec283f24b541330cb65b1ab3d9df53b4
test/aaaaagqb_0_20.png,8ddc879fade8d3d7afd3b285e937b8ba
test/aaaaagqb_0_26.png,48672cc184cb911e7dea19369828bc63
test/aaaaagqb_0_32.png,314e1db992fbaa5880a51c7865547973
test/aaaaagqb_0_33.png,3f1476caa1a87ccfc33cf3c7738d3492
test/aaaaagqb_0_39.png,c5ab5806b7e53ae697774d38f7633d1a
test/aaaaagqb_0_46.png,e80bf0b4e7d4c9efd37f8b2ca34342e8
test/aaaaagqb_0_5.png,00adb8dfc86c1421a5391567c02ed379
test/aaaaagqb_0_52.png,8602bddcf7abc6c1f73e1b4f53c4a7f7
test/aaaaagqb_0_59.png,c54beccbc98c3fb59ea93a6dc70872a0
test/aaaaagqb_0_7.png,e09dab96d24f7a39ff9cf43fb77a3e46
test/aaaaagqb_1_0.png,733450ae730ae35266a41469cf36883e
test/aaaaagqb_1_14.png,f4018f3f91ae4902d7be8c6f8363a544
test/aaaaagqb_1_19.png,e877e5ff68d7550cab9c3310a90182ac
test/aaaaagqb_1_20.png,d8a9a325f5f232ee5c38c09ee130b539
test/aaaaagqb_1_27.png,269f2a6532ffa77bad6dbc0cc5e69e33
test/aaaaagqb_1_34.png,3fa488ca1a901053ad09c4d7b5425503
test/aaaaagqb_1_37.png,ced2aa6925478fdce9c11312fe1554d7
test/aaaaagqb_1_41.png,b3cb4d9e9e91bd8468bcda7039b91a3b
test/aaaaagqb_1_47.png,24f63bab56e36d7c98911a070fb7e319
test/aaaaagqb_1_54.png,ece6342b1643c91263b5be4d8c1c4748
test/aaaaagqb_1_61.png,ae7a3e8f3c83ed17030d2364ef390bca
test/aaaaagqb_1_7.png,98363f692833972205c3b469d4e87add
test/aaaaagqb_2_0.png,5ca5b0b90660e01a2ad6008ca6fc6df0
test/aaaaagqb_2_13.png,f68b89809930992712f7f26290d8a8ce
test/aaaaagqb_2_19.png,c3429360ce8224c216e8a0398822b70a
test/aaaaagqb_2_23.png,8de11f699407f726823b38004c6443de
test/aaaaagqb_2_26.png,00a2b520e023a4eb5845c9d69ce32f18
test/aaaaagqb_2_32.png,587adc9cb2dbd8e0200dbcdb113b4d86
test/aaaaagqb_2_39.png,21528d3d29dcd0c2f7f36ea249ea8b46
test/aaaaagqb_2_45.png,42c92d68393abc360c23a69c3dc51ea7
test/aaaaagqb_2_52.png,db56d86e400f40ba2185caa7e86d46fe
test/aaaaagqb_2_58.png,60d27d939bd5347f2aac8029a07c9e5b
test/aaaaagqb_2_6.png,88f508c025732d56a353e64a7206a388
test/aaaaaiat_0_0.png,51aba804d6412711eadaf81ec097674a
test/aaaaaiat_0_14.png,87d12171d1e23fcd1caa48f875810f14
test/aaaaaiat_0_19.png,0eabba56bc6c1a18677fc832fb6c6012
test/aaaaaiat_0_20.png,739ef77937537f7c1e077256485b7dd9
test/aaaaaiat_0_25.png,11dae0459bfbf3f1233bd7bbef4251b5
test/aaaaaiat_0_27.png,cb76eab7b1e0637005dfcc8e1c8a09af
test/aaaaaiat_0_34.png,4f4fcc5328850f4bb44e9d4b2cedf534
test/aaaaaiat_0_35.png,86618fb090a3d9b783e24a5b1f2ca65e
test/aaaaaiat_0_41.png,14ec5ddc8a3c7a28e9c59d34a18ddf96
test/aaaaaiat_0_47.png,acf681ab84c3c98db58e8b4405a1df8a
test/aaaaaiat_0_54.png,00569ad929a636ca33aa5c05914f8a92
test/aaaaaiat_0_61.png,59ec59bffb58c44ab9e71cdf52aa8aa5
test/aaaaaiat_0_7.png,7ce92a8d8b7a0c9c41634c93559db614
test/aaaaaiat_1_0.png,8f7ebc2fac0acc3b9db046cac80495af
test/aaaaaiat_1_14.png,e28cbb87509a4f981bd6bcb29a22277b
test/aaaaaiat_1_22.png,762de6a21e2a13f9fec09e012684a27a
test/aaaaaiat_1_24.png,8b96bfd9313e82efd3993f69dfec4b69
test/aaaaaiat_1_25.png,77f6dcd113d913873024836ae3b21903
test/aaaaaiat_1_29.png,5a8e60fba696197a7e97bbbe56b4235e
test/aaaaaiat_1_36.png,0c5f1d1d0681b33af43a5de1b5f23653
test/aaaaaiat_1_43.png,9b39cb605c7958cdbfd74dae8632f191
test/aaaaaiat_1_51.png,a4f2a09808bb085045fd7f51f9095e49
test/aaaaaiat_1_58.png,af431cdf2990da9523d463ff47f69013
test/aaaaaiat_1_65.png,40dd80d1cb6a86fd2a40ff6b49982fae
test/aaaaaiat_1_7.png,d5f3925aaa19d33102a27e5f00ae5b9b
test/aaaaaiat_1_8.png,0b0a01a82a61326d56b92876463d71b7
test/aaaaamhb_0_0.png,c35b9e4b388172f807b44a0bf8a44463
test/aaaaamhb_0_10.png,bb1230424a7915d9e81e1f51b2a479c7
test/aaaaamhb_0_21.png,56613dd8896f98c568acc7a555336c83
test/aaaaamhb_0_23.png,283615246f28eaf00f8725e59e9799e6
test/aaaaamhb_0_24.png,98ebd96505d3d5c4e7db2f481fc51241
test/aaaaamhb_0_31.png,e668ec07b60eadf60ac86149569ffff1
test/aaaaamhb_0_42.png,34375ec9cc672ceff614119aed29da8d
test/aaaaamhb_0_52.png,251999b8c79cc9d44d31c2f5a9ccdcb6
test/aaaaamhb_0_63.png,bfd944115333532f9179bc1b11bcd442
test/aaaaamhb_0_64.png,3710de72d4560de2e6e8344ce9187d6a
test/aaaaamhb_0_65.png,53166ee1e06cb9f84c725fc7eed34fed
test/aaaaamhb_0_73.png,13dcd983b552275d1ad707c0f65472b6
test/aaaaamhb_0_84.png,3386e3f2d5f8f562823444bdd63e5a1b
test/aaaaamhb_0_94.png,9ed5461c791d91ec91e6fcaf767bd9f5
test/aaaaamhb_1_0.png,a17da5b1662f2ca207df968f5219d63d
test/aaaaamhb_1_18.png,dbd6227d8a8376bf444b20b06c4b9434
test/aaaaamhb_1_27.png,bd85d2e1c52cf60753dc979f8ffeaceb
test/aaaaamhb_1_36.png,550790c44f81968a2ec37a947e175706
test/aaaaamhb_1_37.png,58d87dea16ab0523322ca2b5a47be1af
test/aaaaamhb_1_46.png,085e2cbc6946f03b53d02dfadec2c701
test/aaaaamhb_1_55.png,ed8dc7543401f5cc15fae076a2cb3bc0
test/aaaaamhb_1_64.png,c70d933a0f2ab7cdbb7bf7b2d4aed403
test/aaaaamhb_1_69.png,92b737d852616fa47395b6d933e9dfca
test/aaaaamhb_1_70.png,5b6f404f541b48e665994ce3f6b6bd64
test/aaaaamhb_1_73.png,f6f2ddbfcef34408d21c580409ce7d88
test/aaaaamhb_1_82.png,6ef380a7f4c100bdca20d74560215226
test/aaaaamhb_1_9.png,df9fd313f7d4c038e68e9be41305a72f
test/aaaaamhb_2_0.png,68bb83468b0cd1cf00b4ce90d01fe76d
test/aaaaamhb_2_10.png,d07b4c7f6a179d01e3b4e8be2ad70f64
test/aaaaamhb_2_13.png,d4097d4d8132a7d0fc5d6152cd7b7e7d
test/aaaaamhb_2_16.png,61a8e1f9ea7a67de399c87641c64cc4f
test/aaaaamhb_2_19.png,8e4c33b84c89d07c8684a94dc02fc43f
test/aaaaamhb_2_23.png,1cc17a79f47005634b75bd53ee77ce79
test/aaaaamhb_2_26.png,867008c2325a49a7c38c321acbf0b0a3
test/aaaaamhb_2_29.png,39a2f597fe7413d3a211bdaba976fadc
test/aaaaamhb_2_3.png,ddb39b38f37acf2e83d84898ee5c2d86
test/aaaaamhb_2_4.png,90a0cfc4c6cf5813b3154463b01fd2fd
test/aaaaamhb_2_5.png,8ba22db6919ae23b07614e5aea64de54
test/aaaaamhb_2_6.png,ca73b6d22c51bd3ca024843b94f93d08
test/aaaaamhb_3_0.png,929bb2e9373620bd68a05543604a6229
test/aaaaamhb_3_12.png,fb8a07583c556e7dde1ea7fd594c5b2f
test/aaaaamhb_3_19.png,ddae8bd2b8da69bb7b228720fc2ebeb2
test/aaaaamhb_3_21.png,26ea1714c6462626e239a285be546ab1
test/aaaaamhb_3_25.png,81535d2487ee40a3ca08601d92677205
test/aaaaamhb_3_26.png,12ebfbd964e50afb4a52326e92763236
test/aaaaamhb_3_27.png,2070dd60ca36a420ef5134a1943a65bc
test/aaaaamhb_3_28.png,4e9ccc20ae53e1ebb446427c68705838
test/aaaaamhb_3_29.png,97967d26691222cf2da6942158781db5
test/aaaaamhb_3_31.png,a714c26fae4a4b97cebf26ae402a93ac
test/aaaaamhb_3_37.png,3054ff7b87db80f74a2f01d4d117d674
test/aaaaamhb_3_44.png,7fe90873c1c53f7c7abf8b0ccf5ba8d5
test/aaaaamhb_3_50.png,9dfadcf68d5b67729585eabb741c0145
test/aaaaamhb_3_56.png,7c7c3887a1ec5c47513eb9a975d49757
test/aaaaamhb_3_6.png,a193e4bca876ad40a13c6150b908ea48
test/aaaaammu_0_0.png,2c30b8e98e422e332f62f7fdd62f914f
test/aaaaammu_0_12.png,2b45c04e4d323111cf09193e5d807aa2
test/aaaaammu_0_13.png,23ec758eee42855edcbbabfc260d768b
test/aaaaammu_0_19.png,92de29477be630d5d85c4564782e6c10
test/aaaaammu_0_26.png,345e4d1c51ef3eccd62a6ca7d11e1b8b
test/aaaaammu_0_32.png,fb4ac9873d14d74682c8820808adf903
test/aaaaammu_0_39.png,04bd789bf3416d79917d0d534e52d2ca
test/aaaaammu_0_45.png,e87fb8a4e744bd4ea51fd0dcd6c24ce5
test/aaaaammu_0_5.png,43ed73f81daa6def12e61a4e49f48d8e
test/aaaaammu_0_52.png,d9e25c0a9808dfeb4d7dedc3e48bbfd0
test/aaaaammu_0_58.png,fd5fd7eecce46ec78223a3dc95edb198
test/aaaaammu_0_6.png,f681f5ba112eee8a522b7719535812a1
test/aaaaammu_0_7.png,290040a97ce44d551dd68bed213ebc09
test/aaaaammu_1_0.png,6666041648507b3cd801506a5d897696
test/aaaaammu_1_13.png,673b1b98f0ca76f985309ee5fe380640
test/aaaaammu_1_18.png,52e2fb4503ecb9ae1dc42082dca9f344
test/aaaaammu_1_19.png,01d8dcc00c29edbbc7cfc7e23942e626
test/aaaaammu_1_22.png,60ec66a5e8dfc52e627ea77f638b9ca0
test/aaaaammu_1_23.png,cebf97634df738d58bb34dfe17759504
test/aaaaammu_1_25.png,ea314a718aae90fbbf524a0122c79763
test/aaaaammu_1_3.png,6a04ee0ae50d6fb3339b76ad8358e2a1
test/aaaaammu_1_32.png,9b12ca332d26c38f57f9e20ec45de616
test/aaaaammu_1_38.png,21936b90ec92d451e29bf4ccbead3ac8
test/aaaaammu_1_44.png,c56b7c757590d86d003aad3523326dd6
test/aaaaammu_1_51.png,709086cd44d552d504d75fc1d4acac77
test/aaaaammu_1_57.png,c1c2d0dab6e427e5639c53b0def0a27a
test/aaaaammu_1_6.png,86ca1e6d3a595e5971860b4b8505eba9
test/aaaaanrc_0_0.png,85e7baa4af649289eedcae6de015af94
test/aaaaanrc_0_10.png,00015c1dc492058558b34b900ded6845
test/aaaaanrc_0_13.png,dce9f60f6fc8ef034d4d7befc4e049ea
test/aaaaanrc_0_16.png,1f9a886813be2715c90b45f1518139d9
test/aaaaanrc_0_19.png,383a1b67e8689416aa78a2409f29aee3
test/aaaaanrc_0_20.png,1d0550a49e91eb5cba06426db62e489e
test/aaaaanrc_0_23.png,00e24928da14cba41114039997aab354
test/aaaaanrc_0_26.png,44c610eda1be9889c9a6938813e4b3b1
test/aaaaanrc_0_29.png,eb3c5f19570dd389c8fedee7d151eb17
test/aaaaanrc_0_3.png,17d027a873f92c724f5cc35ea7be3826
test/aaaaanrc_0_6.png,91aa390502c689c737e2a6ecd5c2cd0c
test/aaaaanrc_10_0.png,a7122d8cfca0738dd2dc68d2434f8f41
test/aaaaanrc_10_10.png,97ce5f8d190582fb9237d063f1824903
test/aaaaanrc_10_13.png,36676f36501e5c865fb740f9e434e317
test/aaaaanrc_10_16.png,af70f121d8b4045796a1335d46cfeec4
test/aaaaanrc_10_19.png,7f6137083f3614761348ead783af93e6
test/aaaaanrc_10_23.png,5d3127db5e8031ca26e9373a4163103a
test/aaaaanrc_10_26.png,90cc49024b194356ef2a1cd58a02d8cc
test/aaaaanrc_10_29.png,900d759d5adc990a5e3f07609fc0ec3e
test/aaaaanrc_10_3.png,0b0e11fa9f1bea1d536f63a6f8662d11
test/aaaaanrc_10_6.png,c0e7a2b1b6a0764bbae554ce5185b2fc
test/aaaaanrc_11_0.png,8a633522e1e4fa4324f33d6af220169e
test/aaaaanrc_11_11.png,0a85b39e418d7e126e6a0b425b7cca45
test/aaaaanrc_11_12.png,a6393d4692d7f0cb3cb442a8fe3fba05
test/aaaaanrc_11_14.png,d3f997ac5a76662c138363e716019fca
test/aaaaanrc_11_2.png,97f6a793fcfb5b450269f40d4a7f4444
test/aaaaanrc_11_3.png,cafcf46d7cf675cf80ac2ab676493065
test/aaaaanrc_11_5.png,2d1feb7808f878aabbcaf0df74a2c354
test/aaaaanrc_11_6.png,3f1030809899f3902030d4e303af210c
test/aaaaanrc_11_8.png,3349aa1f801d7c608024f3eba326dafd
test/aaaaanrc_11_9.png,00e510c8fde3b747d7bd98972ac48e0b
test/aaaaanrc_12_0.png,a4d825c11b60a4fe37a979d6302249a5
test/aaaaanrc_12_10.png,563bfa8fc823687c6658066e974cf09d
test/aaaaanrc_12_13.png,c21dcb28ef9bceba3fbefb0bc9b87f70
test/aaaaanrc_12_16.png,9160aa2646016670d2b2981398a8198b
test/aaaaanrc_12_19.png,c773f0684eb2bd8f77c22de1dbf68389
test/aaaaanrc_12_22.png,3d7497243a223126010ef8a2344b1017
test/aaaaanrc_12_23.png,ae57da1104228a336caa769a5a3bc443
test/aaaaanrc_12_26.png,2d0483afc72f5799e871d39a65c570ee
test/aaaaanrc_12_29.png,d40f6ce3d527691812da95d13c8489db
test/aaaaanrc_12_3.png,9742708c9cf2ded8756aef64b68448ee
test/aaaaanrc_12_6.png,9ecc1a1fbe7f5c7edae6255f82392a60
test/aaaaanrc_13_0.png,a152acf6ea436355a7021fa57a7b451d
test/aaaaanrc_13_11.png,6a47d314a7bcd340bfa1234d4c501df4
test/aaaaanrc_13_12.png,9ca4921b879154136e466f8688ce10fe
test/aaaaanrc_13_14.png,0b3efc3f0ed4b0ce01098b8355fa3258
test/aaaaanrc_13_2.png,263a5acc5900412abb2d951b9b966482
test/aaaaanrc_13_3.png,2634e5f60945901bacfee0cbdc6afc32
test/aaaaanrc_13_5.png,cd415cd2d6adf92408a79170830ae6c1
test/aaaaanrc_13_6.png,382b43841ff90f03c5cd97386ebf7a61
test/aaaaanrc_13_8.png,3b6597dd27a6eb94a36bd5aa3b56307a
test/aaaaanrc_13_9.png,edd5b75802e63dd37bf73d4cf5e645da
test/aaaaanrc_14_0.png,68fe7a26a046ac5740b0cacace0cc700
test/aaaaanrc_14_10.png,af60117bfaa7adb33d7f5ba65989bbb2
test/aaaaanrc_14_13.png,7faa4622861a3f15bdde33a15e6c1d16
test/aaaaanrc_14_16.png,a25ab3ce094bd157977abedb11e72fb4
test/aaaaanrc_14_19.png,2ba76416e577e3ea4c001325be25022f
test/aaaaanrc_14_23.png,cdaf7b3f15dd99a27c9f70a718a1ce4a
test/aaaaanrc_14_26.png,bf94758a94854f27f886c96dadc8e543
test/aaaaanrc_14_29.png,a1c64d5e6f1136b33c1b7ff7e7f9967f
test/aaaaanrc_14_3.png,5580941f787d02054d2e1b0398e5e930
test/aaaaanrc_14_6.png,d06554cadcde7c5d36e128c01e3c2fcd
test/aaaaanrc_15_0.png,17eb479e5c32f831570292badba05fa4
test/aaaaanrc_15_11.png,8ac99baacde4534c6d4ec1879b26e891
test/aaaaanrc_15_12.png,616b430cbbbd9e8aeb08d44e19d3b1df
test/aaaaanrc_15_14.png,5f78f3550394fdc99fd2d87adfa658bf
test/aaaaanrc_15_2.png,7216e7a160eae67798ba85d4102a5461
test/aaaaanrc_15_3.png,da8f982eb10354e96456df9e0ec81c2b
test/aaaaanrc_15_5.png,005b6364c183a7710d82dfa0aac00772
test/aaaaanrc_15_6.png,fb1d266db5119b0a0ab61ba23e921f14
test/aaaaanrc_15_8.png,b6b7c311b4b177d73be327a896bfc870
test/aaaaanrc_15_9.png,88b97135220c575f218050a1e9dc8582
test/aaaaanrc_16_0.png,73ece8dea542be559845377721702a8f
test/aaaaanrc_16_12.png,8c1b99d21a50451dc53a6636157abf10
test/aaaaanrc_16_15.png,1beacd0ed9011e42756f95f181668a16
test/aaaaanrc_16_18.png,95fe65959896668a0ca9b1ccabdc363b
test/aaaaanrc_16_21.png,e0389dbbda2584d7951cd679ceb61118
test/aaaaanrc_16_24.png,5ee3ac93a554003b78f5479b73c9e86e
test/aaaaanrc_16_27.png,c21eba4b38d54706ec679424377abf24
test/aaaaanrc_16_3.png,5f56c8fa9b79c50225f45c84e17b4610
test/aaaaanrc_16_6.png,aaa1eeb1c51d440e6dcb49ee917cbc8c
test/aaaaanrc_16_9.png,4df2d1ceb40388fc8b2d458c8b620e9f
test/aaaaanrc_17_0.png,676f1a4afd6c60164bd7ba3ceed27ebc
test/aaaaanrc_17_14.png,a855708940f41c4d21f6541896bc1bc9
test/aaaaanrc_17_21.png,3e3313dc4491a2d8f51e79e840751f9b
test/aaaaanrc_17_28.png,3effc8d2175196c20b0c48f5a97981fe
test/aaaaanrc_17_34.png,ffd0a120c82c5fdda08c3b382adc0aa7
test/aaaaanrc_17_41.png,c8325be6b08cfe6033bbe107e29b96c3
test/aaaaanrc_17_43.png,1efadb73361f3ad0c859c8a5298a60ba
test/aaaaanrc_17_44.png,0c3ae8061791e97e90046ab354259301
test/aaaaanrc_17_48.png,8995db3ae38df5d2d258c791c69740b9
test/aaaaanrc_17_55.png,9b8ab0cab5d69aff73dfb1ec8efd2e95
test/aaaaanrc_17_62.png,b84b12fecc28c9ef3fdfd92c5e05923a
test/aaaaanrc_17_7.png,33b6a40a4b23d9744f61ffd652e70df4
test/aaaaanrc_1_0.png,eef081bcde7f73d39c536ac6ebfc3ec5
test/aaaaanrc_1_11.png,a7dbd940a73654c434ebe77d146a8814
test/aaaaanrc_1_12.png,e46c6dd269fed6dd205823176fa3f3f1
test/aaaaanrc_1_15.png,b50687712e73ee37ac9de5e2cf41488c
test/aaaaanrc_1_19.png,97897bee3914ac9e76c0ad95284cf66e
test/aaaaanrc_1_23.png,a96f45247190382fc05c7e4528194c01
test/aaaaanrc_1_26.png,19e8174f902f70ed401b1fbbb900a16d
test/aaaaanrc_1_30.png,f338eb5a42de0823182354cf5f8a8fd1
test/aaaaanrc_1_34.png,93dfe6f219653f0bad9bc248c60cf9f0
test/aaaaanrc_1_4.png,3236ed07e20edee43837f06cb093c03a
test/aaaaanrc_1_8.png,54b3115f3c7b2764ce8e5d29b67e1af3
test/aaaaanrc_2_0.png,5957076a4da97e13a0e79fad55664ba6
test/aaaaanrc_2_11.png,853e738655fce9cb760ad3f5c618ceba
test/aaaaanrc_2_12.png,8969a45efe66d89f4b3fb2085fe4f841
test/aaaaanrc_2_14.png,c70d069a9705b70441f9a0b107518cd4
test/aaaaanrc_2_2.png,5cddf4a8fb60281d344a662631702222
test/aaaaanrc_2_3.png,a8df62af53d41966cb38cd2f4062e94f
test/aaaaanrc_2_5.png,a9ed0a9c12322a53e723c22867a85dbf
test/aaaaanrc_2_6.png,8303093d735f6659c5fc57043f4065e6
test/aaaaanrc_2_7.png,0a12f34c4b7b3f4960ea7bf1f22a26bf
test/aaaaanrc_2_8.png,8f2f8d9acd582865b289fe3f6c25ebbc
test/aaaaanrc_2_9.png,7a463371e397993250c886ca4e245681
test/aaaaanrc_3_0.png,39ab8a34139652e53338895211c3aa49
test/aaaaanrc_3_10.png,b14f362f74a6aee09d519ea250084f48
test/aaaaanrc_3_13.png,86e06ef2e13d8075819fb1e9047f72c7
test/aaaaanrc_3_16.png,6e95f9712d51c6a3821663a773d1da77
test/aaaaanrc_3_19.png,f7df69643cd0d3559b8cebf5899e4b0e
test/aaaaanrc_3_20.png,825e6439d0922c3978ea821b8d44cc79
test/aaaaanrc_3_23.png,daaada11dfde951b4ea1aa439398aaae
test/aaaaanrc_3_26.png,1a4681295d44693e431b4fd482b018db
test/aaaaanrc_3_28.png,dd96e815562e1c5824518ff3148c6017
test/aaaaanrc_3_29.png,bed3c051047cf23906e306f7bfa7b646
test/aaaaanrc_3_3.png,e3532304279c665b957b5387ddfda2fa
test/aaaaanrc_3_4.png,9d06a42db30551b35ba732f6f54ca121
test/aaaaanrc_3_5.png,487c7a490461cfc7c62c754afb1c2ff7
test/aaaaanrc_3_6.png,fa9bbe1fb36c80a8cd19032cbafdb213
test/aaaaanrc_4_0.png,7451ea09eeab325378175f253382e94c
test/aaaaanrc_4_10.png,b7b5a0bf4bc10ea22ce6761de40392d7
test/aaaaanrc_4_13.png,a3c950c389749c985d62cd052087cfcd
test/aaaaanrc_4_16.png,899072c97f8b755ac3183a56dd0fc159
test/aaaaanrc_4_19.png,b9c83243e8b9af424f7ef9df596aa9f7
test/aaaaanrc_4_23.png,5bfab84fb649eba344a035f4cd1d46a6
test/aaaaanrc_4_26.png,73e0adf10b66c4c4ac76fa50b151d838
test/aaaaanrc_4_29.png,359c77b13670848f2a095b04031a8a09
test/aaaaanrc_4_3.png,ad7329119aa79b2536c4b08d3880019c
test/aaaaanrc_4_6.png,820da686ddb28b623c5dcc5d807d0a1c
test/aaaaanrc_5_0.png,b3c4b98c519d5a587b2d2fb63862df8a
test/aaaaanrc_5_11.png,f74d6609cd32cb2cd18ecf9f8c56f379
test/aaaaanrc_5_12.png,3deeda6648ab651b02a3aa20e1295e02
test/aaaaanrc_5_14.png,ba71dc9034830c53c878328818263898
test/aaaaanrc_5_2.png,cb188a45b24d593b2890a6a3c0871e50
test/aaaaanrc_5_3.png,3bb54fe079bd5a383d214a0be9f6e9b2
test/aaaaanrc_5_5.png,64ed6633d6dcf8e8ddc2a2850ee99e12
test/aaaaanrc_5_6.png,3a9b3762a125072a266ae56d395229b4
test/aaaaanrc_5_8.png,159fbcc9860521db7917e53787184d6e
test/aaaaanrc_5_9.png,2ef14ae0d1ea19f7157e943705f8177e
test/aaaaanrc_6_0.png,32a0179bc73fc2772e3ee69e0f9f86ea
test/aaaaanrc_6_10.png,4d2f27e15faae31a195c57c3799df8ba
test/aaaaanrc_6_13.png,e815dc431fcb3cfcfcf6cf6d7473076b
test/aaaaanrc_6_16.png,2525ba3401ab710ca2bdb6a0a59169d5
test/aaaaanrc_6_19.png,69b3300c44b89545ba70a3cf63b4be45
test/aaaaanrc_6_23.png,b4ac76bfb03a8dd1c120889ab686a021
test/aaaaanrc_6_26.png,7e4509ffe939ddf0d9d7e9bc131e4340
test/aaaaanrc_6_29.png,2028c4786775f1796e6e4619223bf22b
test/aaaaanrc_6_3.png,3d73c8d7b208c72d2b7ec370c6fc37dc
test/aaaaanrc_6_6.png,8a63a8cf7b1697f5ed7938e47a3f1dbd
test/aaaaanrc_7_0.png,d3c3c2f64fa3ab4196243d18e31639e6
test/aaaaanrc_7_1.png,1f4ed515bb3e0a3daae46fc7ce563d3c
test/aaaaanrc_7_10.png,ebe452710e4d8822ba8c0b6e1b60451c
test/aaaaanrc_7_11.png,2755708c55c5b9d621f0110f81b75deb
test/aaaaanrc_7_12.png,930f02f37e383e6538cfe25d7bb5dac3
test/aaaaanrc_7_13.png,f08b7e36a8ef5a7e5ab06dd02eeb6878
test/aaaaanrc_7_3.png,c814ecea0ebc4ff5aa4a916baa3d33d3
test/aaaaanrc_7_4.png,4ba5ff82a0ebddb768535c38ddd1cef3
test/aaaaanrc_7_6.png,585db93f970fa7a4915dcf11cadbc4fc
test/aaaaanrc_7_7.png,93c6b9ab6cc8bf46aeee1dc1a60471f5
test/aaaaanrc_7_9.png,c0d7a6e36a64232f272f233b3ba7103e
test/aaaaanrc_8_0.png,838ef40f2ca4284c5b9e7e195d14ed1c
test/aaaaanrc_8_10.png,a78a16f15e404e85334c9114e5a54569
test/aaaaanrc_8_13.png,3df4f968b919877b0a6512bbdfffc799
test/aaaaanrc_8_16.png,df36bb11c36361ff11dfee2586f8e09d
test/aaaaanrc_8_18.png,c1db55480b83e1216ba631258ed31536
test/aaaaanrc_8_19.png,393b7f725956259b36cab1041d3d0115
test/aaaaanrc_8_23.png,47ebb26f7d1c225e74c5faa822c9ca90
test/aaaaanrc_8_26.png,ae17fb15a31047154b0bf221eb441a0c
test/aaaaanrc_8_29.png,f5d8be2a0717e3836096569a2cdc8174
test/aaaaanrc_8_3.png,f4f20e517fef6eabfba1fc7f37faa691
test/aaaaanrc_8_6.png,87f130dc8fde5b68cf57462c46046f22
test/aaaaanrc_9_0.png,7afbfd9481b2c629392a9b2a280ac44d
test/aaaaanrc_9_11.png,d20cef2954bdf9373001da1bc71cb6fb
test/aaaaanrc_9_12.png,2a5cae3a7bbf60c50c8c8a20ba851679
test/aaaaanrc_9_14.png,0414cfba45c03b69d7bf4e3b113abbe2
test/aaaaanrc_9_2.png,10b9284875fe4ac791541aa9bff8421b
test/aaaaanrc_9_3.png,796054372c3d8d1a93984c11438efdfa
test/aaaaanrc_9_4.png,36e270f598941f2d0c816068b5ef5f32
test/aaaaanrc_9_5.png,a495e8f6f554bcc082175c0524d1dafc
test/aaaaanrc_9_6.png,ce1f39d30d15bee31dba97a86ce5c59d
test/aaaaanrc_9_8.png,5dfedf993943928667d14696663b307d
test/aaaaanrc_9_9.png,3b32621b2b68b8ac15afd4fa851ef9a3
test/aaaaaplb_0_0.png,6540dea88d7319a7005243ecb1bc725e
test/aaaaaplb_0_100.png,4e3c9b8be00297fd3f809835646eff35
test/aaaaaplb_0_115.png,93d36b75a53ce574d03756815a3b4a90
test/aaaaaplb_0_129.png,ebb46fc16226a56eed365bb9ab563c64
test/aaaaaplb_0_14.png,cd1ceee26f927668c973a043a26a8824
test/aaaaaplb_0_29.png,9336b4e13d8600e180c4e2c6865c2a68
test/aaaaaplb_0_43.png,847a5ea011c2d3834d6b4a9a45ca68f9
test/aaaaaplb_0_57.png,e5e09222b347f718e4789c7ee9249ace
test/aaaaaplb_0_72.png,bd9a14254323dd81284fc151066bf27d
test/aaaaaplb_0_86.png,701d981cb8c766104bd470517badf777
test/aaaaaplb_0_90.png,46d6dcc24c62669210d5fb76159c2129
test/aaaaaplb_0_91.png,4db1f04b95e205c670c289fb6d7ad596
test/aaaaapqh_0_0.png,195fd8cc01fb34f1e5a01600f43debd1
test/aaaaapqh_0_11.png,c9fc0798a313f0f64190fa89b7b9c4ff
test/aaaaapqh_0_12.png,68a48639ad743af6408ec51e33f54472
test/aaaaapqh_0_14.png,4a5f9143b5d86d96c463ac7c4533f900
test/aaaaapqh_0_2.png,f3c8045266d9e203db65bbf242211448
test/aaaaapqh_0_3.png,9a49be214d9ecf93959ac09a514d0b0a
test/aaaaapqh_0_4.png,b05e9c7eeeb37e0c587f7324cf1dd10b
test/aaaaapqh_0_5.png,d45b945fcd38857a13d11091030660a9
test/aaaaapqh_0_6.png,dc35d5ebc00f86592c05fd05a0dce505
test/aaaaapqh_0_8.png,c04a2f844a267185ce70b380294e341f
test/aaaaapqh_0_9.png,1f39b456ddcf24c0aba5c7378a49cecb
test/aaaaapqh_1_0.png,303cda86b47621c642f03363e6435f69
test/aaaaapqh_1_11.png,ac423054a7e593f465cbfae9ddafd529
test/aaaaapqh_1_12.png,c0795eca45703327585c5f2fcf8e03a1
test/aaaaapqh_1_13.png,ebfb4bda7f7eac970d095c074419fb0a
test/aaaaapqh_1_14.png,bb440a5ad16eed85c571ef7d02e0d656
test/aaaaapqh_1_16.png,0abd080dc70219f248d7af9e2da03f51
test/aaaaapqh_1_19.png,9b2b5494f2633a9b4ff6e28c47458e7c
test/aaaaapqh_1_2.png,f90587471edcf82c84310d2a0502dc50
test/aaaaapqh_1_21.png,01a879d81f9da7f24a09fc3c47a63e3a
test/aaaaapqh_1_5.png,e8408677612234accbef5448b12b8cc5
test/aaaaapqh_1_7.png,8c8fca0588fc0cfa8d2f1faa58788ccf
test/aaaaapqh_1_8.png,202db70fbad18a58c70bf3bf4b4dece4
test/aaaaapqh_1_9.png,670c321a7bb2e6825f630be3b86ffde6
train/aaaaaalq_0_36.png,6515b8d1fadc8fb46e43c9275d362149
train/aaaaaalq_0_52.png,150cd49c4525eb8dbfcb876215d04300
train/aaaaaalq_0_54.png,ac2a96bcf15dfb7f34b5d3bd273a0b7e
train/aaaaaalq_0_61.png,d240e50eec966e8adf2219c078aa2817
train/aaaaaasy_0_12.png,a417a5b54fd37daeb79d41eed499a66c
train/aaaaaasy_0_13.png,661a4b060a4b4e177218cc25cb12b370
train/aaaaaasy_0_16.png,7a64c3ecd0db13483b80f5f5ddac844e
train/aaaaaasy_0_19.png,1da9e54738a279c664bb206dd06d9492
train/aaaaaasy_1_0.png,608e25318cab46d92bc0564fa223f4a9
train/aaaaaasy_1_1.png,092d1c29b2b465e3857c7f92612b2e64
train/aaaaaasy_1_2.png,d7c6f69d8454cddcac30c06a792bd979
train/aaaaaasy_1_4.png,c4452d91a704300155e9982c781aec3a
train/aaaaaasy_2_0.png,8b50a76f462604d1d8aa7345b3b441f7
train/aaaaaasy_2_15.png,b27c16237a6a8b925fead017342b6657
train/aaaaaasy_2_5.png,422781e84e95f6e1103f1a548b7c9965
train/aaaaaasy_2_6.png,567facfe24631866a53d4ec2a2d0b34b
train/aaaaabiw_0_0.png,c6d9a3a5659b4c27504aad6c63f04e8f
train/aaaaabiw_0_13.png,d4a0718480234304f4fb277f4de9f006
train/aaaaabiw_0_2.png,cb02087f81f4c22765f25ae3c27b0e0c
train/aaaaabiw_0_3.png,1b86116744b115ee1bcdc3740785be90
train/aaaaabiw_1_2.png,f8be0febf8ebe9332ad29c3c3f51154b
train/aaaaabiw_1_25.png,c04b03e600dc8e81d8612387d75a3772
train/aaaaabiw_1_33.png,3781c9f74d0d22f6dbd63a6a8ab95e6c
train/aaaaabiw_1_5.png,ea972338296e98075a65fcb700b97548
train/aaaaabiw_2_1.png,73fc506660236c8131abaa697b9dad3c
train/aaaaabiw_2_10.png,08234be5254b59dcd88715ed5cedecae
train/aaaaabiw_2_3.png,9904259b404fa6773325470b9b352058
train/aaaaabiw_2_5.png,dfba74b049fbb89cd8f439b82369b2ca
train/aaaaabiw_3_0.png,b2d28f7d43d4a635517a261ec7872956
train/aaaaabiw_3_1.png,5866c73d0d3e8e38ace916a9d0caade0
train/aaaaabiw_3_29.png,ddd4db9502bb82a38812ab083ddb5bee
train/aaaaabiw_3_68.png,61f2a173ad308141f66a5431c7d6a25b
train/aaaaabms_0_4.png,eedc662dab6abb65251ae88309c7fe13
train/aaaaabms_0_56.png,0fc097a88f4bdec348be4c0cfe7e045a
train/aaaaabms_0_79.png,bfb4ea88c2f60b429f0cf489ded589e7
train/aaaaabms_0_88.png,a997baef14ce0b390da76ddfb0eb0b61
train/aaaaabms_1_0.png,ed87b93462582be1acee285e13d9ea52
train/aaaaabms_1_1.png,a3eb2d564172e460f0af366112b5651e
train/aaaaabms_1_4.png,a1d13cbec9442e2746cd03b682fc3282
train/aaaaabms_1_5.png,257064a172820143717a71c5f8c4bd24
train/aaaaabms_2_0.png,51d139657e9c3eaf516540d00b798a5e
train/aaaaabms_2_1.png,a7cae6b01e07879aa37cf52f074b2820
train/aaaaabms_2_4.png,984ee32d3f460640d48d88eda3519589
train/aaaaabms_2_5.png,15e42d67271df3a10a7b110fb94d5a7e
train/aaaaachj_0_2.png,1851c9bf191e9a1cdba935e3e1a3354a
train/aaaaachj_0_33.png,7e9f60f114d4b0c278889c0ae895f7e4
train/aaaaachj_0_41.png,448a0a4aa2d241326a9f49a1d4b1db5f
train/aaaaachj_0_56.png,e9a998337ca0c89d7e7f1284ec83a452
train/aaaaachj_1_10.png,628a718ad5c554193a652bb8c1033293
train/aaaaachj_1_3.png,e022a54b77b19fa622213b11c2928869
train/aaaaachj_1_6.png,e8223d36346d50d4dad6cf4a6e098b2c
train/aaaaachj_1_9.png,45d2a94880bd623799d3b37bb77daecd
train/aaaaadsz_0_41.png,d6b3636297c45570667e2687854f0dd9
train/aaaaadsz_0_45.png,9faa5ec6c253a99ec04cd4087a5a9ee4
train/aaaaadsz_0_47.png,3c884293e4afc69c2cf24b7120f6d598
train/aaaaadsz_0_6.png,02915d5cc77fdddd98c93c8e68279e6e
train/aaaaadsz_1_4.png,017d403a568ce0e7f12caa0ed949496e
train/aaaaadsz_1_5.png,fef4ee80f78332893bb5c55fc3d3de22
train/aaaaadsz_1_6.png,f7bf90394a14d4446c12af5f03b3cefd
train/aaaaadsz_1_9.png,df233672e5e185c8fdf7e569e3a83f0a
train/aaaaadsz_2_2.png,8509494881f62dcd61cffceda9a6c04e
train/aaaaadsz_2_4.png,4486b61482a67fa381e8eee3cd560ce1
train/aaaaadsz_2_5.png,f59e24ae2c1004fb4f601a4572fb6718
train/aaaaadsz_2_9.png,83562e71f057c27f30b12e59dc1f9b02
train/aaaaadsz_3_1.png,26d47ecab92b4bbab2ac1c361af374a0
train/aaaaadsz_3_17.png,451b2fef6f798c53dcb354a4bddb4c37
train/aaaaadsz_3_26.png,6a805d0ae3d0459442e524eebcd2f88f
train/aaaaadsz_3_56.png,d0df5937b2862564ea7dcfff3ba3f0fb
train/aaaaaedy_0_1.png,2ae4a40bb018e9317a4c106adb3656bc
train/aaaaaedy_0_46.png,549a9c50eb37e1aa36772e075107daed
train/aaaaaedy_0_68.png,05edea0feb1ef543ffdbfb733c24493d
train/aaaaaedy_0_69.png,0d6f51ff7ed12cd5badd450fceaa6b3a
train/aaaaaedy_1_10.png,beef24deee0117e2b51f66a6a0292d80
train/aaaaaedy_1_33.png,56e112be93a9dca26ae797ddc2647c77
train/aaaaaedy_1_51.png,a013fa24e054e8b32285574c465dcfa1
train/aaaaaedy_1_58.png,f0bf1524b7b85f58f16fa6e59b39e1d8
train/aaaaaegi_0_13.png,e5cb29d55576f3bfc61f42f11cea7c3f
train/aaaaaegi_0_14.png,e1911350b573212d469b472fac4eef1d
train/aaaaaegi_0_45.png,6ec793e49aa03ea23775c31bc54c79e3
train/aaaaaegi_0_65.png,4989cb7ccd586e350d619a4f368f2954
train/aaaaaelb_0_10.png,a920e8247a9cdfcaa4966061cd55f4de
train/aaaaaelb_0_22.png,09bc1f3f950151c41837a520edb73ace
train/aaaaaelb_0_25.png,3e17da2b75cfced3199f8d2f9c96c4dc
train/aaaaaelb_0_8.png,382c723e34ce994a0e1bb63c971bec1c
train/aaaaafwz_0_13.png,56d2bccbd8866155d789189ad9eed989
train/aaaaafwz_0_17.png,fbdd93a5f5ffb739fc0efda79b85e60c
train/aaaaafwz_0_28.png,70eddce7d1cf664f7d21daef8f7011c5
train/aaaaafwz_0_5.png,e3a363e5d267e4ce29378d858d975888
train/aaaaafwz_1_15.png,ec7ee8e85d65db6ab767a3d0b970ab6d
train/aaaaafwz_1_16.png,b7e5f114200bbc048c838affced7c2f2
train/aaaaafwz_1_23.png,ab74efd13d0eaaaf1dd0ae064b8a1311
train/aaaaafwz_1_8.png,f554da56d8d1836ae5ce7cb13d714e7f
train/aaaaagcs_0_47.png,42c1763e8267f1fd2a09f553167167eb
train/aaaaagcs_0_48.png,ebf799de2e9fbf80a33bd0a676c4a5c8
train/aaaaagcs_0_53.png,b37ccba6ec996fcf01e37828e2d581b0
train/aaaaagcs_0_9.png,c06a2fa9a3c284f8d3cb546e02419d2c
train/aaaaaike_0_37.png,5e6c03af7086544b11d2b11be7371b32
train/aaaaaike_0_38.png,f8daba83a1955e06375dab4566402f03
train/aaaaaike_0_53.png,e219f3e6d82cbecdb9750ddbc8a3e816
train/aaaaaike_0_58.png,0fc03e09748328bbf01e1d32a561cbf2
train/aaaaajns_0_14.png,09efaeabf59c2a681ef002b6f2567934
train/aaaaajns_0_24.png,f0bfdb85992e5def9986d2b77e161156
train/aaaaajns_0_46.png,2d1ce8e0315848fdee4ecfecc0d32060
train/aaaaajns_0_73.png,828f23ac37aee732277bcda247c3dec7
train/aaaaajns_1_12.png,5b927f2a375e7368b411a549346bd724
train/aaaaajns_1_15.png,bcc5d44212bd0c68825880b5682caeb5
train/aaaaajns_1_24.png,fd3740011725ed306583740b88bed108
train/aaaaajns_1_9.png,725cbed070d2abbd361ddfb8557af74c
train/aaaaajns_2_10.png,716439d7870ddbca836e9c072ca5eefc
train/aaaaajns_2_13.png,e78c3c368deeb2666686d212f2ec5b10
train/aaaaajns_2_23.png,3caa6a797503b61a2452e9b830ff92a7
train/aaaaajns_2_3.png,8b244bc93c61c39020fcbfbc5f3fdf89
train/aaaaajns_3_18.png,8cbe79d712a66b81dbb8d58aeaea4774
train/aaaaajns_3_20.png,48d43eeae7b567159d220b3edea937b1
train/aaaaajns_3_25.png,9c0c7418319896ab081a370d76870fd6
train/aaaaajns_3_3.png,eb021920c31470aada56acd2b68b4652
train/aaaaajns_4_1.png,f93c6ed5abf33389b6556dc4f577eeed
train/aaaaajns_4_5.png,927ffcf999063e463a65f3437179f3fe
train/aaaaajns_4_7.png,7babc1449e7830cd1bb33f69a5ad5160
train/aaaaajns_4_8.png,176c062e3794b5dcc0ebc95926a12747
train/aaaaajns_5_10.png,858483fcbec78362ae65ee2864cd8a1e
train/aaaaajns_5_11.png,fc99a9b54a718fd29aa694aa186ed71f
train/aaaaajns_5_25.png,86aedf20b641f3cd710a789773d3a9bd
train/aaaaajns_5_4.png,ec7063309bd08bcbe469965341f6b22c
train/aaaaajns_6_1.png,2a385e47f219833bb874a17c23962ae2
train/aaaaajns_6_23.png,c1481220799d9c63e42d84d4e46a3f36
train/aaaaajns_6_27.png,e6bd18873f1057be6b2e7f39aff6352c
train/aaaaajns_6_9.png,7d324a1a6c3c34d74c00f771037e895a
train/aaaaajns_7_1.png,4bcd39f25b4fdefd77e772df8f0e88ad
train/aaaaajns_7_10.png,6ffc089a339d95c77f0965ac9dabb9d8
train/aaaaajns_7_11.png,bd04108c086473d0343655ade35f4b87
train/aaaaajns_7_4.png,fd8884836f2eae54454476890b4b149f
train/aaaaajns_8_25.png,3d44026e17b9b2be48b5f66bbf9dcaab
train/aaaaajns_8_26.png,3693c0dcc6278b8fd19ecafc9e2aea90
train/aaaaajns_8_6.png,1bdb2a2d30aa6920fd5bdd9435cba866
train/aaaaajns_8_7.png,6bebd419cfcf2ae9faddb2a5e49bbe55
train/aaaaajns_9_1.png,1e1c3e756321282291c48e82a1021a13
train/aaaaajns_9_14.png,a0151a0b02389964f64b9e0117b9312d
train/aaaaajns_9_17.png,13554d99ac3ac89be10528ed575a3e57
train/aaaaajns_9_19.png,4124d0c05a7b4e248d2ace91778cf41b
train/aaaaajqb_0_4.png,6bbc39e6b664b1505688c4cf94434b8e
train/aaaaajqb_0_57.png,1e3ed6031a7ca82a8cabda37695208ea
train/aaaaajqb_0_58.png,ba4b057312aa215ca7d732eb66f3151b
train/aaaaajqb_0_6.png,48c6328eccb5a849d632f316b91326fd
train/aaaaajqo_0_20.png,4c1fb0d7ff1fcc8f3cd80cd1bb6bb1e5
train/aaaaajqo_0_3.png,86d719bf824882f6382eed1c79c5ab9b
train/aaaaajqo_0_31.png,f3ec43c2deada227c4dc537ac8275082
train/aaaaajqo_0_9.png,2f8778b3314bb12bde2590cb94e4b10d
train/aaaaajqo_1_0.png,c3da6af014ef3cccb9d4c7293d69eade
train/aaaaajqo_1_2.png,d60353bccb52cd317a1e9c405ac03614
train/aaaaajqo_1_3.png,2cc98a4bad04a0635c1dc33a51c9d6ca
train/aaaaajqo_1_6.png,dc626cbb1aea3b803925bae54b09aa1c
train/aaaaajqo_2_14.png,b6422a9a074d678e5d268890740f4f6d
train/aaaaajqo_2_27.png,12f3b97c8d015f008166738936d0d100
train/aaaaajqo_2_36.png,f27627ed8896d6a3f5c67436b50904f9
train/aaaaajqo_2_7.png,5ccb04862929aab1d23bba0911e3a438
train/aaaaajqo_3_0.png,057a21d67e8c5ccb44a557bba4b18764
train/aaaaajqo_3_2.png,6e6cf8e71d968a9c4a55d82b3bf30bfb
train/aaaaajqo_3_3.png,8e428225accc5da88fcd7fc652e2fcaf
train/aaaaajqo_3_4.png,9f3103dbb2d3e64cf7aab7f60ba4504b
train/aaaaajqo_4_34.png,da9ced3d72fabaa05635d35c238cb817
train/aaaaajqo_4_46.png,a1bd83c407a0c55a727555bde7abb23a
train/aaaaajqo_4_47.png,d515d7beca69291abb5bafc2a7718735
train/aaaaajqo_4_59.png,d523b70748c0aea8122edf0ee9165905
train/aaaaajrj_0_2.png,3562a101d67cb8883a5040484a12d8f0
train/aaaaajrj_0_22.png,a81a18c0e93708bf6fb8d9e251a6d169
train/aaaaajrj_0_26.png,5cb3c4850f2791a0fa9dbecde0e542c1
train/aaaaajrj_0_5.png,5e986a0c6f98f4d54247708d055df3e0
train/aaaaajrj_1_26.png,44eba9f1a73a8bdaa64be4d164294259
train/aaaaajrj_1_27.png,b8c4bfd314365a11cc9f3121abf60199
train/aaaaajrj_1_32.png,31375cd2c71fbb573a8e712d97d0c791
train/aaaaajrj_1_54.png,fc33315a0693d78b509c40fd92a69d90
train/aaaaakbz_0_23.png,a2246cbb9077fee04b37daf91d37ba36
train/aaaaakbz_0_47.png,488a45d4a4d09618f088b57c06861dc3
train/aaaaakbz_0_49.png,c80ebc137c8253e249d7573445ef7f83
train/aaaaakbz_0_53.png,caf0734940597fa8e1b61aa20eba839a
train/aaaaakbz_1_34.png,8e5e854e8e6960ea56e6337003a60501
train/aaaaakbz_1_68.png,314db5d4f44f8939c91fbe07028a3c54
train/aaaaakbz_1_8.png,cc9ee099fe6a1a93bf6c90adb45909a4
train/aaaaakbz_1_9.png,a4a6c6b396acf77c3088a03c3fa47d1d
train/aaaaakbz_2_12.png,bad36ea86e7164f168c5ee897f1fed7c
train/aaaaakbz_2_14.png,9459b6949fba3695ca6023f9f0fee2b7
train/aaaaakbz_2_51.png,90e0456e7afdc7f9fff58d5c809fd0ba
train/aaaaakbz_2_55.png,ed6a8c43ec70f644fd40e4f228e37506
train/aaaaalhf_0_24.png,4d11a727c641282d54862097cafec4fe
train/aaaaalhf_0_29.png,b44a40a4e4e29f24a21fabd11d9f7d09
train/aaaaalhf_0_50.png,63d5d119c43b8ef17aacd3bbc11d900b
train/aaaaalhf_0_61.png,9c6563600853ebb7fd978a1629afd245
train/aaaaaltw_0_17.png,91e2333fd940b49407a72e9ad6a17cde
train/aaaaaltw_0_18.png,e2f54aacc8c0d5a534f01d5f03559176
train/aaaaaltw_0_23.png,b5408de7d58412c00f0076d79aa045d7
train/aaaaaltw_0_24.png,b6f6e11f5523be7aa81d4de7c000a643
train/aaaaamoa_0_10.png,2ae26331e0d236ac5918771e27069c51
train/aaaaamoa_0_37.png,67746293900715c0647b57e40e594335
train/aaaaamoa_0_44.png,035c865e233d02cc8d07df088169dd57
train/aaaaamoa_0_48.png,5f396dbebec1c03ff9300f36040d3ffa
train/aaaaamoa_1_14.png,1e0eafde81b638615123967eb6db867d
train/aaaaamoa_1_7.png,8c5896f5cdfff32eadcbc063e2f75a57
train/aaaaamoa_1_8.png,b7d6df5e66aec688aa854597c6242bd8
train/aaaaamoa_1_9.png,6f90eaad41ea4bc2229bd60a478002b5
train/aaaaamoa_2_25.png,b3d3a231c53823aab8411c4398dee62b
train/aaaaamoa_2_26.png,16c418a8b5b68c2b5a67082a80c39f4d
train/aaaaamoa_2_6.png,d17c1aae5b1bac4a6456f545713c1f4f
train/aaaaamoa_2_9.png,1285175cf93a686c045d7b3bd306eefb
train/aaaaamoa_3_16.png,8049d08f62fdb43f60441429b96028cc
train/aaaaamoa_3_17.png,8a1b05e00a6eb2b058dc37ace69e5178
train/aaaaamoa_3_19.png,8d725371af76d6e30678c46c539e9a17
train/aaaaamoa_3_3.png,da2d31842604b69170b367614b3a0211
train/aaaaamoa_4_22.png,b13660359d91b6c8d279cfb52e32fc99
train/aaaaamoa_4_26.png,10bd95187d666cf9920ee4230e1903fe
train/aaaaamoa_4_49.png,6d554b47fd0f175d4cb5b52f2f15a1c1
train/aaaaamoa_4_56.png,5ef095e579be0f1c2b36692289e3a8e0
train/aaaaamtj_0_17.png,4a5fa9b1d9e96ba25ba083b9076f0c55
train/aaaaamtj_0_3.png,d002dee67d2c3dadc9df3d715c5e2a3f
train/aaaaamtj_0_58.png,be7ecf2e5fdb0f865b97ffa1b6c321e3
train/aaaaamtj_0_59.png,0b1dd4e107a1c07971d7e02983dda75d
train/aaaaamyc_0_12.png,659dfe01c72ac9eda2e2e996d9b3ee7c
train/aaaaamyc_0_20.png,c109e9c0fdc4891458a04569db675882
train/aaaaamyc_0_24.png,46c79b9df0398f1924c0f2f66c8e14da
train/aaaaamyc_0_7.png,e2bfc43b4f0b4b331bd7a17af2f840a4
train/aaaaamyc_1_13.png,9a614fecdf48b65cfd75990d7f49d755
train/aaaaamyc_1_2.png,9ffebf40294912fd43f7dfb397498765
train/aaaaamyc_1_4.png,67b092f98e36350b9a9b1d9446c795b5
train/aaaaamyc_1_7.png,97a47dae35a74b112609021be1b5a73f
train/aaaaamyc_2_1.png,712cac94fb7383bb19bcf30087bc93a0
train/aaaaamyc_2_14.png,be7903837b5b68436d057e882d48b5f9
train/aaaaamyc_2_20.png,5e81bf4f7c110d46cefc55e642a1113f
train/aaaaamyc_2_23.png,9a929df3fcc89c3697b5d4aca458133a
train/aaaaamyc_3_12.png,b61cca3e5dc9a99bf46834f9a272133f
train/aaaaamyc_3_13.png,a69614676a54eae0411c994b3035e0d3
train/aaaaamyc_3_4.png,ad05ea7064d1be4167493caeca1868b3
train/aaaaamyc_3_8.png,38e9808c181b9eae7169d2ec965a40c2
train/aaaaanog_0_12.png,e652549e5cb4f8d8591ccd2e2af79fc8
train/aaaaanog_0_3.png,7f395172ab89b9164ea2a381124e68a2
train/aaaaanog_0_37.png,a64a0b7b6c53370d38892dd3c25596f2
train/aaaaanog_0_38.png,df3ace1ba51e3b4eb748ef0f660d6cc9
train/aaaaaogd_0_0.png,2ad8f38a17ea464eb5366ec55e426e3f
train/aaaaaogd_0_12.png,67c85e4c12a5da598842efa264c4cfd2
train/aaaaaogd_0_21.png,6d6cc745be035652cdd225d368f7042c
train/aaaaaogd_0_9.png,9a8bb35995be78e3dd747a2216cbcc11
train/aaaaaogd_1_1.png,ddee3bd80ccd5ad7ccee1e0956eef845
train/aaaaaogd_1_12.png,a5789a1c82723997ba7b750e984a038b
train/aaaaaogd_1_7.png,399207d8ed1aa92eea82c2f98230a9a5
train/aaaaaogd_1_9.png,4f6207002f9e32a80b3c7d3a00b11ae9
train/aaaaaogk_0_21.png,e0e57cb275206fee11ac772450cefd0a
train/aaaaaogk_0_26.png,765048be0f0b2c3c0c9c946387f81b90
train/aaaaaogk_0_32.png,dad66008f53c72e340c443ce9aa10a62
train/aaaaaogk_0_33.png,0999543055b07d6d2339f24898bf9e24
train/aaaaaogk_1_23.png,3b17d778e859bfece234ebe834f48e52
train/aaaaaogk_1_57.png,336ae4f115070dbdcecbd833196151e2
train/aaaaaogk_1_64.png,230d30fef65713aa6f5ac4e053122fcd
train/aaaaaogk_1_76.png,402a49361a06c9556dfb733e796431d0
train/aaaaaouk_0_0.png,d8d0f0ba8a3164046148ab35db03ecd9
train/aaaaaouk_0_1.png,d346e0570d272c263070b2b9a4fa6881
train/aaaaaouk_0_21.png,40830312c34c7b97054b4fdd935a737e
train/aaaaaouk_0_68.png,79ac95648cba14f9b2ddd1eb47b652be
train/aaaaaouk_1_23.png,f0d8061d7239b626666f144468f247b5
train/aaaaaouk_1_3.png,eb65c1d6491f939f8664259b7a71693e
train/aaaaaouk_1_7.png,7600c9e70f3997f51be4360d6ad90a95
train/aaaaaouk_1_9.png,ccb8e6aaf242353c35d9e45973192bec
train/aaaaapas_0_19.png,46456315cd3d4c1493a51951a12161c4
train/aaaaapas_0_25.png,2790672b40331a49de5db68a75bda83d
train/aaaaapas_0_47.png,0896e5c3ded6bad3b35a6e96a518034b
train/aaaaapas_0_70.png,03598aadde62b7d6a5a3bd9d1df7ac3c
train/aaaaapas_1_18.png,68364a56c95851e7e783111b97d8197b
train/aaaaapas_1_23.png,d3237740ecd184e7c6596a6c63258402
train/aaaaapas_1_25.png,6cef3b8268285c155651f928b6965e01
train/aaaaapas_1_49.png,9dd2ff44fac912ceb5f3ef426fb0efa7
train/aaaaapas_2_26.png,6bf0a9a73bbe411c5e2fe975917d9cfd
train/aaaaapas_2_27.png,b9cfe8fc83a511dad53342859b07a6f1
train/aaaaapas_2_5.png,4d29a1b7808ba1f9517c941dcf29302b
train/aaaaapas_2_8.png,2ec34af83e06cc19a4e3c15a217f0fd7
train/aaaaapas_3_11.png,7c15fe255fdf62dbf2b413ceeb74ac59
train/aaaaapas_3_14.png,7eb9d6295902b51fb5545a9924967c61
train/aaaaapas_3_30.png,310db5dcc761b519f9d836dda018ee89
train/aaaaapas_3_32.png,78f8eaf1e805e9d93dfc2ae144666dae
train/aaaaapas_4_10.png,0ef06b17c4bd859ac6308e5237601590
train/aaaaapas_4_13.png,fcabb31ec81f8169997373e856634dc3
train/aaaaapas_4_14.png,7d79dc5de4798b68528294a73514ace8
train/aaaaapas_4_27.png,91059019608d60f58cf3e38e41567acc
train/aaaaapas_5_2.png,98ba0003a9fc6354f6c6dccd3c488349
train/aaaaapas_5_22.png,75e6b00fd553d72723bbd937777e5e7a
train/aaaaapas_5_23.png,f08956cbf511552c4afc09947686c1a5
train/aaaaapas_5_29.png,af188066dba6874384b02f137696a7d9
train/aaaaapks_0_1.png,31fc3c71ece7a997a48f61db0e3e1b99
train/aaaaapks_0_11.png,1f14bba3edcda67fd55001315f8f168e
train/aaaaapks_0_12.png,6736b8f5a3fffe3feb9f307c590837f8
train/aaaaapks_0_13.png,e34b609c9fb78ef4c7de064a35f4b5e0
train/aaaaapks_1_0.png,ce99a98645cccd124baf2872ecfcbda8
train/aaaaapks_1_20.png,ac9c7efc3d17d56d376c3d7d8849d515
train/aaaaapks_1_21.png,bc31dd2e768187e25ad9c825b1587ff6
train/aaaaapks_1_9.png,fc5034c5566de7910d4897bb46f30c8e
train/aaaaapks_2_2.png,ffae627c12435cabf4213d4ecf6752b6
train/aaaaapks_2_20.png,c69447d7379bfe018c67324a7b8dfdae
train/aaaaapks_2_3.png,28823eba7b6e075cd561ceedb7243463
train/aaaaapks_2_4.png,d04df7890d2d31467e932550986b220b
train/aaaaapks_3_23.png,3766ae4799cffb70ece48335f39857c2
train/aaaaapks_3_29.png,9caf239dd516740124ad45ea4c981bdd
train/aaaaapks_3_5.png,4d80631516def9c468fdf8b2243de5e5
train/aaaaapks_3_6.png,cb29220c8056f2be774fb4826b3f3cd7
train/aaaaapkv_0_13.png,82ed686f6dddf756cccd960df2179c8f
train/aaaaapkv_0_32.png,d702844af5723f78328288b07a83693d
train/aaaaapkv_0_33.png,54a630fbce1f71cf1132d963d273e36d
train/aaaaapkv_0_35.png,31b106ffae3f420b61f7e65b965666be
train/aaaaapnl_0_0.png,698ae864484c3eccfc91b4776e1dd54b
train/aaaaapnl_0_1.png,7a493ee717576881307b943c5a2aca66
train/aaaaapnl_0_2.png,8790d014c1c77330cc8bb5e1626b1e59
train/aaaaapnl_0_3.png,85f920a0ab5b637cf157a7d582e6556e
train/aaaaapnl_1_104.png,6e7703024a0b423221407e438714aac1
train/aaaaapnl_1_2.png,1dd14c0075f2f6a7000b76620edff741
train/aaaaapnl_1_31.png,149d594f5250ecea174b13b9d3d19ae8
train/aaaaapnl_1_95.png,f10c84a22a38b14691509ebabddf0bb5
