base,dataset,steps,train_h,score_h,time,gpus,ram,nice
bakllava:7b,TUAB,572,2.0,0.1,04:00:00,1,64G,300
bakllava:7b,TUAR,94,0.3,1.3,03:00:00,1,64G,300
bakllava:7b,TUEP,210,0.7,0.1,02:00:00,1,64G,300
bakllava:7b,TUEV,92,0.3,0.1,02:00:00,1,64G,300
bakllava:7b,TUSL,8,0.0,0.0,02:00:00,1,64G,300
bakllava:7b,TUSZ,652,2.3,3.8,09:00:00,1,64G,300
gemma3:4b,TUAB,572,1.8,0.9,05:00:00,a100_3g.20gb:1,40G,0
gemma3:4b,TUAR,94,0.3,10.1,14:00:00,a100_3g.20gb:1,40G,100
gemma3:4b,TUEV,92,0.3,0.9,03:00:00,a100_3g.20gb:1,40G,100
gemma3:4b,TUSL,8,0.0,0.1,02:00:00,a100_3g.20gb:1,40G,100
gemma3:4b,TUSZ,652,2.0,29.8,1-17:00:00,a100_3g.20gb:1,40G,200
gemma3:12b,TUAB,572,3.4,0.5,07:00:00,1,64G,0
gemma3:12b,TUAR,94,0.5,6.6,10:00:00,1,64G,100
gemma3:12b,TUEP,210,1.2,0.4,04:00:00,1,64G,0
gemma3:12b,TUEV,92,0.5,0.6,03:00:00,1,64G,100
gemma3:12b,TUSL,8,0.0,0.1,02:00:00,1,64G,100
gemma3:12b,TUSZ,652,3.8,19.8,1-08:00:00,1,64G,200
gemma3:27b,TUAB,572,5.2,0.7,10:00:00,2,128G,0
gemma3:27b,TUAR,94,0.8,10.2,16:00:00,2,128G,100
gemma3:27b,TUEP,210,1.9,0.6,05:00:00,2,128G,0
gemma3:27b,TUEV,92,0.8,0.9,04:00:00,2,128G,100
gemma3:27b,TUSL,8,0.1,0.1,02:00:00,2,128G,100
gemma3:27b,TUSZ,652,5.9,30.8,2-01:00:00,2,128G,200
gemma4:e2b,TUAB,572,1.7,1.0,05:00:00,a100_3g.20gb:1,40G,0
gemma4:e2b,TUAR,94,0.3,11.2,16:00:00,a100_3g.20gb:1,40G,100
gemma4:e2b,TUEV,92,0.3,1.0,03:00:00,a100_3g.20gb:1,40G,100
gemma4:e2b,TUSL,8,0.0,0.2,02:00:00,a100_3g.20gb:1,40G,100
gemma4:e2b,TUSZ,652,1.9,33.4,1-22:00:00,a100_3g.20gb:1,40G,200
gemma4:e4b,TUAB,572,3.2,0.4,06:00:00,1,64G,0
gemma4:e4b,TUAR,94,0.5,6.2,10:00:00,1,64G,100
gemma4:e4b,TUEP,210,1.2,0.4,03:00:00,1,64G,0
gemma4:e4b,TUEV,92,0.5,0.5,03:00:00,1,64G,100
gemma4:e4b,TUSL,8,0.0,0.1,02:00:00,1,64G,100
gemma4:e4b,TUSZ,652,3.6,18.9,1-06:00:00,1,64G,200
gemma4:12b,TUAB,572,3.3,0.5,07:00:00,1,128G,0
gemma4:12b,TUAR,94,0.5,6.5,10:00:00,1,128G,100
gemma4:12b,TUEP,210,1.2,0.4,04:00:00,1,128G,0
gemma4:12b,TUEV,92,0.5,0.6,03:00:00,1,128G,100
gemma4:12b,TUSL,8,0.0,0.1,02:00:00,1,128G,100
gemma4:12b,TUSZ,652,3.8,19.5,1-07:00:00,1,128G,200
gemma4:26b,TUAB,572,3.9,0.5,08:00:00,2,128G,0
gemma4:26b,TUAR,94,0.6,7.7,12:00:00,2,128G,100
gemma4:26b,TUEP,210,1.4,0.5,04:00:00,2,128G,0
gemma4:26b,TUEV,92,0.6,0.7,03:00:00,2,128G,100
gemma4:26b,TUSL,8,0.1,0.1,02:00:00,2,128G,100
gemma4:26b,TUSZ,652,4.5,23.2,1-13:00:00,2,128G,200
gemma4:31b,TUAB,572,5.3,0.7,11:00:00,3,192G,0
gemma4:31b,TUAR,94,0.8,10.4,16:00:00,3,192G,100
gemma4:31b,TUEP,210,1.9,0.7,06:00:00,3,192G,0
gemma4:31b,TUEV,92,0.8,0.9,04:00:00,3,192G,100
gemma4:31b,TUSL,8,0.1,0.1,02:00:00,3,192G,100
gemma4:31b,TUSZ,652,6.0,31.4,2-02:00:00,3,192G,200
glm-ocr:latest,TUAB,572,4.5,0.5,08:00:00,a100_3g.20gb:1,40G,0
glm-ocr:latest,TUAR,94,0.7,5.1,08:00:00,a100_3g.20gb:1,40G,100
glm-ocr:latest,TUEP,210,1.7,0.4,04:00:00,a100_3g.20gb:1,40G,0
glm-ocr:latest,TUEV,92,0.7,0.4,03:00:00,a100_3g.20gb:1,40G,100
glm-ocr:latest,TUSL,8,0.1,0.1,02:00:00,a100_3g.20gb:1,40G,100
glm-ocr:latest,TUSZ,652,5.1,15.0,1-03:00:00,a100_3g.20gb:1,40G,200
granite3.2-vision:2b,TUAB,572,6.7,0.6,12:00:00,a100_3g.20gb:1,40G,0
granite3.2-vision:2b,TUAR,94,1.1,6.9,11:00:00,a100_3g.20gb:1,40G,100
granite3.2-vision:2b,TUEP,210,2.4,0.6,05:00:00,a100_3g.20gb:1,40G,0
granite3.2-vision:2b,TUEV,92,1.0,0.6,03:00:00,a100_3g.20gb:1,40G,100
granite3.2-vision:2b,TUSL,8,0.1,0.1,02:00:00,a100_3g.20gb:1,40G,100
granite3.2-vision:2b,TUSZ,652,7.6,20.4,1-14:00:00,a100_3g.20gb:1,40G,200
llava:7b,TUAB,572,2.0,0.1,04:00:00,1,64G,300
llava:7b,TUAR,94,0.3,1.3,03:00:00,1,64G,300
llava:7b,TUEP,210,0.7,0.1,02:00:00,1,64G,300
llava:7b,TUEV,92,0.3,0.1,02:00:00,1,64G,300
llava:7b,TUSL,8,0.0,0.0,02:00:00,1,64G,300
llava:7b,TUSZ,652,2.3,3.8,09:00:00,1,64G,300
llava:13b,TUAB,572,2.7,0.2,05:00:00,1,64G,300
llava:13b,TUAR,94,0.4,1.7,04:00:00,1,64G,300
llava:13b,TUEP,210,1.0,0.1,03:00:00,1,64G,300
llava:13b,TUEV,92,0.4,0.1,02:00:00,1,64G,300
llava:13b,TUSL,8,0.0,0.0,02:00:00,1,64G,300
llava:13b,TUSZ,652,3.0,5.0,12:00:00,1,64G,300
llava:34b,TUAB,572,9.2,0.6,16:00:00,3,192G,0
llava:34b,TUAR,94,1.5,5.9,11:00:00,3,192G,100
llava:34b,TUEP,210,3.3,0.5,08:00:00,3,192G,0
llava:34b,TUEV,92,1.4,0.5,05:00:00,3,192G,100
llava:34b,TUSL,8,0.1,0.1,02:00:00,3,192G,100
llava:34b,TUSZ,652,10.4,17.4,1-15:00:00,3,192G,200
llava-llama3:8b,TUAB,572,3.8,0.2,07:00:00,1,64G,300
llava-llama3:8b,TUAR,94,0.6,2.4,05:00:00,1,64G,300
llava-llama3:8b,TUEP,210,1.4,0.2,03:00:00,1,64G,300
llava-llama3:8b,TUEV,92,0.6,0.2,02:00:00,1,64G,300
llava-llama3:8b,TUSL,8,0.1,0.0,02:00:00,1,64G,300
llava-llama3:8b,TUSZ,652,4.3,7.2,17:00:00,1,64G,300
llava-phi3:3.8b,TUAB,572,1.1,0.5,03:00:00,a100_3g.20gb:1,40G,300
llava-phi3:3.8b,TUAR,94,0.2,5.1,08:00:00,a100_3g.20gb:1,40G,300
llava-phi3:3.8b,TUEP,210,0.4,0.4,02:00:00,a100_3g.20gb:1,40G,300
llava-phi3:3.8b,TUEV,92,0.2,0.4,02:00:00,a100_3g.20gb:1,40G,300
llava-phi3:3.8b,TUSL,8,0.0,0.1,02:00:00,a100_3g.20gb:1,40G,300
llava-phi3:3.8b,TUSZ,652,1.2,15.0,22:00:00,a100_3g.20gb:1,40G,300
medgemma:4b,TUAB,572,2.6,0.9,06:00:00,a100_3g.20gb:1,40G,0
medgemma:4b,TUAR,94,0.4,10.1,14:00:00,a100_3g.20gb:1,40G,100
medgemma:4b,TUEP,210,0.9,0.9,04:00:00,a100_3g.20gb:1,40G,0
medgemma:4b,TUEV,92,0.4,0.9,03:00:00,a100_3g.20gb:1,40G,100
medgemma:4b,TUSL,8,0.0,0.1,02:00:00,a100_3g.20gb:1,40G,100
medgemma:4b,TUSZ,652,2.9,30.1,1-19:00:00,a100_3g.20gb:1,40G,200
medgemma1.5:4b,TUAB,572,1.9,1.0,05:00:00,a100_3g.20gb:1,40G,0
medgemma1.5:4b,TUAR,94,0.3,10.6,15:00:00,a100_3g.20gb:1,40G,100
medgemma1.5:4b,TUEP,210,0.7,0.9,03:00:00,a100_3g.20gb:1,40G,0
medgemma1.5:4b,TUEV,92,0.3,0.9,03:00:00,a100_3g.20gb:1,40G,100
medgemma1.5:4b,TUSL,8,0.0,0.2,02:00:00,a100_3g.20gb:1,40G,100
medgemma1.5:4b,TUSZ,652,2.1,31.5,1-20:00:00,a100_3g.20gb:1,40G,200
minicpm-v4.6:1b,TUAB,572,4.0,0.8,08:00:00,a100_3g.20gb:1,40G,0
minicpm-v4.6:1b,TUAR,94,0.6,8.7,13:00:00,a100_3g.20gb:1,40G,100
minicpm-v4.6:1b,TUEP,210,1.4,0.7,04:00:00,a100_3g.20gb:1,40G,0
minicpm-v4.6:1b,TUEV,92,0.6,0.8,03:00:00,a100_3g.20gb:1,40G,100
minicpm-v4.6:1b,TUSL,8,0.1,0.1,02:00:00,a100_3g.20gb:1,40G,100
minicpm-v4.6:1b,TUSZ,652,4.5,25.9,1-16:00:00,a100_3g.20gb:1,40G,200
mistral-small3.1:24b,TUAB,572,9.5,0.6,17:00:00,2,128G,0
mistral-small3.1:24b,TUAR,94,1.5,6.1,12:00:00,2,128G,100
mistral-small3.1:24b,TUEP,210,3.4,0.5,08:00:00,2,128G,0
mistral-small3.1:24b,TUEV,92,1.5,0.5,05:00:00,2,128G,100
mistral-small3.1:24b,TUSL,8,0.1,0.1,03:00:00,2,128G,100
mistral-small3.1:24b,TUSZ,652,10.7,18.0,1-17:00:00,2,128G,200
mistral-small3.2:24b,TUAB,572,9.6,0.6,17:00:00,2,128G,0
mistral-small3.2:24b,TUAR,94,1.5,6.2,12:00:00,2,128G,100
mistral-small3.2:24b,TUEP,210,3.5,0.5,08:00:00,2,128G,0
mistral-small3.2:24b,TUEV,92,1.5,0.5,05:00:00,2,128G,100
mistral-small3.2:24b,TUSL,8,0.1,0.1,03:00:00,2,128G,100
mistral-small3.2:24b,TUSZ,652,10.9,18.3,1-17:00:00,2,128G,200
qwen2.5vl:7b,TUAR,94,0.7,2.8,06:00:00,1,64G,0
qwen2.5vl:7b,TUEP,210,1.6,0.2,04:00:00,1,64G,0
qwen2.5vl:7b,TUEV,92,0.7,0.2,02:00:00,1,64G,0
qwen2.5vl:7b,TUSL,8,0.1,0.0,02:00:00,1,64G,0
qwen2.5vl:7b,TUSZ,652,5.0,8.4,19:00:00,1,64G,0
qwen2.5vl:32b,TUAB,572,12.8,0.8,22:00:00,3,192G,0
qwen2.5vl:32b,TUAR,94,2.0,8.2,15:00:00,3,192G,100
qwen2.5vl:32b,TUEP,210,4.7,0.7,10:00:00,3,192G,0
qwen2.5vl:32b,TUEV,92,2.0,0.7,06:00:00,3,192G,100
qwen2.5vl:32b,TUSL,8,0.2,0.1,02:00:00,3,192G,100
qwen2.5vl:32b,TUSZ,652,14.5,24.3,2-06:00:00,3,192G,200
qwen3-vl:2b-instruct,TUAB,572,3.3,0.6,07:00:00,a100_3g.20gb:1,40G,0
qwen3-vl:2b-instruct,TUAR,94,0.5,6.3,10:00:00,a100_3g.20gb:1,40G,100
qwen3-vl:2b-instruct,TUEP,210,1.2,0.5,03:00:00,a100_3g.20gb:1,40G,0
qwen3-vl:2b-instruct,TUEV,92,0.5,0.6,02:00:00,a100_3g.20gb:1,40G,100
qwen3-vl:2b-instruct,TUSL,8,0.0,0.1,02:00:00,a100_3g.20gb:1,40G,100
qwen3-vl:2b-instruct,TUSZ,652,3.7,18.8,1-06:00:00,a100_3g.20gb:1,40G,200
qwen3-vl:4b-instruct,TUAB,572,3.4,0.2,06:00:00,1,64G,0
qwen3-vl:4b-instruct,TUAR,94,0.5,2.1,05:00:00,1,64G,100
qwen3-vl:4b-instruct,TUEP,210,1.2,0.2,03:00:00,1,64G,0
qwen3-vl:4b-instruct,TUEV,92,0.5,0.2,02:00:00,1,64G,100
qwen3-vl:4b-instruct,TUSL,8,0.0,0.0,02:00:00,1,64G,100
qwen3-vl:4b-instruct,TUSZ,652,3.8,6.4,15:00:00,1,64G,200
qwen3-vl:8b-instruct,TUAB,572,4.3,0.3,08:00:00,1,64G,0
qwen3-vl:8b-instruct,TUAR,94,0.7,2.8,06:00:00,1,64G,100
qwen3-vl:8b-instruct,TUEP,210,1.6,0.2,04:00:00,1,64G,0
qwen3-vl:8b-instruct,TUEV,92,0.7,0.2,02:00:00,1,64G,100
qwen3-vl:8b-instruct,TUSL,8,0.1,0.0,02:00:00,1,64G,100
qwen3-vl:8b-instruct,TUSZ,652,4.9,8.2,19:00:00,1,64G,200
qwen3-vl:30b-a3b-instruct,TUAB,572,5.1,0.3,10:00:00,3,192G,0
qwen3-vl:30b-a3b-instruct,TUAR,94,0.8,3.3,07:00:00,3,192G,100
qwen3-vl:30b-a3b-instruct,TUEP,210,1.9,0.3,05:00:00,3,192G,0
qwen3-vl:30b-a3b-instruct,TUEV,92,0.8,0.3,03:00:00,3,192G,100
qwen3-vl:30b-a3b-instruct,TUSL,8,0.1,0.0,02:00:00,3,192G,100
qwen3-vl:30b-a3b-instruct,TUSZ,652,5.8,9.8,23:00:00,3,192G,200
qwen3-vl:32b-instruct,TUAB,572,10.0,0.6,18:00:00,3,192G,0
qwen3-vl:32b-instruct,TUAR,94,1.6,6.4,12:00:00,3,192G,100
qwen3-vl:32b-instruct,TUEP,210,3.6,0.5,08:00:00,3,192G,0
qwen3-vl:32b-instruct,TUEV,92,1.5,0.6,05:00:00,3,192G,100
qwen3-vl:32b-instruct,TUSL,8,0.1,0.1,02:00:00,3,192G,100
qwen3-vl:32b-instruct,TUSZ,652,11.3,19.0,1-19:00:00,3,192G,200
