dataset,path
TUAR,test/aaaaalth_1_0.png
TUEP,test/aaaaalqk_1_0.png
TUEP,test/aaaaapre_1_0.png
TUEP,test/aaaaaqaw_1_0.png
TUSZ,test/aaaaaaaq_0_0.png
TUSZ,test/aaaaaaaq_2_0.png
TUSZ,test/aaaaaeha_5_0.png
TUSZ,test/aaaaahlk_0_0.png
TUSZ,test/aaaaalak_12_0.png
TUSZ,test/aaaaalak_2_0.png
TUSZ,test/aaaaaoek_280_0.png
TUSZ,test/aaaaaoek_283_0.png
TUSZ,test/aaaaaoek_54_0.png
TUSZ,test/aaaaaoya_58_0.png
TUSZ,test/aaaaapnl_14_0.png
TUSZ,test/aaaaapnl_1_1.png
TUSZ,test/aaaaaprj_0_0.png
TUSZ,test/aaaaaqld_0_0.png
TUSZ,test/aaaaaqld_1_0.png
TUSZ,test/aaaaaqro_13_0.png
TUSZ,test/aaaaartn_0_0.png
TUSZ,test/aaaaascj_13_0.png
TUSZ,test/aaaaasnu_0_0.png
TUSZ,test/aaaaaswt_0_0.png
TUSZ,test/aaaaatej_0_0.png
TUSZ,test/aaaaatez_1_0.png
TUSZ,test/aaaaatvk_0_0.png
