base,dataset,zero_shot_ba,fine_tuned_ba,coverage,top_answer,top_answer_fraction
bakllava:7b,TUAB,0.5,0.5,1.0,normal,1.0
gemma3:12b,TUAB,0.552923859226549,0.5125,0.2083,abnormal,0.776
gemma3:27b,TUAB,0.5,0.6346179579820688,0.9992,abnormal,0.6680567139282736
gemma3:4b,TUAB,0.5,0.0,0.04,abnormal,0.8125
gemma4:26b,TUAB,0.5031446540880503,0.6113095238095239,0.1725,normal,0.6183574879227053
gemma4:31b,TUAB,0.5,0.5485294117647059,0.47,abnormal,0.6843971631205674
gemma4:e2b,TUAB,0.5183995717917838,0.0,0.0008,abnormal,1.0
gemma4:e4b,TUAB,0.49645390070921985,0.5045742434904996,0.2533,abnormal,0.7664473684210527
glm-ocr:latest,TUAB,0.5,0.5,1.0,abnormal,0.9975
granite3.2-vision:2b,TUAB,0.4917034658102502,0.0,0.0208,abnormal,0.64
mistral-small3.1:24b,TUAB,0.5,0.5915948275862069,0.1767,normal,0.5141509433962265
mistral-small3.2:24b,TUAB,0.47832195905258934,0.49910873440285203,0.2192,abnormal,0.7072243346007605
qwen2.5vl:32b,TUAB,0.475177304964539,0.49056603773584906,0.2508,abnormal,0.9435215946843853
qwen2.5vl:7b,TUAB,0.5,0.4838709677419355,0.33,abnormal,0.9671717171717171
qwen3-vl:30b-a3b-instruct,TUAB,0.5,0.5410628019323671,0.0417,normal,0.68
qwen3-vl:32b-instruct,TUAB,0.49645390070921985,0.0,0.0075,normal,0.5555555555555556
bakllava:7b,TUAR,0.5,0.5038314176245211,0.9966,"eyem, musc",0.7505668934240363
gemma3:12b,TUAR,0.5019157088122606,0.0,0.0073,"eyem, musc",0.38461538461538464
gemma3:27b,TUAR,0.5151515151515151,0.0,0.0924,eyem,0.4525993883792049
gemma3:4b,TUAR,0.4950738916256158,0.0,0.0054,"elec, eyem, musc",0.3684210526315789
gemma4:26b,TUAR,0.5809171671240637,0.0,0.0415,elec,0.7346938775510204
gemma4:31b,TUAR,0.5153256704980843,0.0,0.0085,eyem,0.36666666666666664
gemma4:e2b,TUAR,0.5,0.0,0.0006,eyem,1.0
gemma4:e4b,TUAR,0.5388825733653321,0.0,0.0669,eyem,0.8396624472573839
glm-ocr:latest,TUAR,0.5,0.0,0.0966,"eyem, musc",0.8391812865497076
granite3.2-vision:2b,TUAR,0.5,0.0,0.0017,"eyem, musc",0.8333333333333334
mistral-small3.1:24b,TUAR,0.5,0.0,0.0071,musc,0.32
mistral-small3.2:24b,TUAR,0.4939759036144578,0.0,0.0147,eyem,0.46153846153846156
qwen2.5vl:32b,TUAR,0.49698960043787627,0.0,0.0506,"eyem, musc",0.45251396648044695
qwen2.5vl:7b,TUAR,0.5,0.0,0.0257,elec,0.42857142857142855
qwen3-vl:30b-a3b-instruct,TUAR,0.5578243249618405,0.0,0.0133,"eyem, musc",0.8723404255319149
qwen3-vl:32b-instruct,TUAR,0.5131434830230011,0.0,0.0008,elec,0.3333333333333333
bakllava:7b,TUEP,0.5061601126420597,0.5061349693251533,0.9825,no_epilepsy,0.984037558685446
gemma3:12b,TUEP,0.5113144926078649,0.5,0.3911,epilepsy,0.9905660377358491
gemma3:27b,TUEP,0.49922055717590264,0.5011485042735043,0.9659,epilepsy,0.9818529130850048
gemma3:4b,TUEP,0.5,0.7228260869565217,0.0683,epilepsy,0.6216216216216216
gemma4:26b,TUEP,0.4888866539273861,0.5,0.262,epilepsy,0.9683098591549296
gemma4:31b,TUEP,0.5341949109926581,0.5260987629488082,0.9972,epilepsy,0.5161887141535615
gemma4:e2b,TUEP,0.5214723926380368,0.0,0.0065,no_epilepsy,1.0
gemma4:e4b,TUEP,0.49896912400683896,0.5,0.6421,epilepsy,1.0
glm-ocr:latest,TUEP,0.5,0.511943075530524,1.0,no_epilepsy,0.6512915129151291
granite3.2-vision:2b,TUEP,0.5,0.0,0.0111,epilepsy,0.75
mistral-small3.1:24b,TUEP,0.48197224177813536,0.4615384615384615,0.0904,no_epilepsy,0.7040816326530612
mistral-small3.2:24b,TUEP,0.5,0.5605291772381298,0.3598,no_epilepsy,0.7
qwen2.5vl:32b,TUEP,0.45159911495524485,0.4884615384615385,0.0876,no_epilepsy,0.9157894736842105
qwen2.5vl:7b,TUEP,0.5,0.5643809523809524,0.6661,no_epilepsy,0.8157894736842105
qwen3-vl:30b-a3b-instruct,TUEP,0.5,0.421875,0.0646,epilepsy,0.8428571428571429
qwen3-vl:32b-instruct,TUEP,0.4358593985718596,0.0,0.0009,epilepsy,1.0
bakllava:7b,TUEV,0.5,0.5023819826907947,0.9831,"artf, bckg, eyem, gped, pled",0.8908045977011494
gemma3:12b,TUEV,0.5020325203252033,0.5121527777777778,0.6441,pled,0.9649122807017544
gemma3:27b,TUEV,0.5240635888501742,0.5010162601626016,1.0,pled,0.9887005649717514
gemma3:4b,TUEV,0.5013792102206737,0.0,0.0763,pled,0.48148148148148145
gemma4:26b,TUEV,0.556153368287012,0.5566511329831002,0.9492,gped,0.5386904761904762
gemma4:31b,TUEV,0.5290945351182835,0.5,0.1667,pled,0.7796610169491526
gemma4:e2b,TUEV,0.5,0.0,0.0056,"artf, bckg, eyem",0.5
gemma4:e4b,TUEV,0.5152076074332173,0.5423451420486534,0.9972,gped,0.43342776203966005
glm-ocr:latest,TUEV,0.5,0.5622050759528122,0.9972,pled,0.4985835694050991
granite3.2-vision:2b,TUEV,0.4994906094968108,0.0,0.0169,pled,0.3333333333333333
mistral-small3.1:24b,TUEV,0.48482868757259,0.5027777777777778,0.2853,pled,0.8415841584158416
mistral-small3.2:24b,TUEV,0.49361207897793263,0.0,0.178,pled,0.7301587301587301
qwen2.5vl:32b,TUEV,0.5300885598141696,0.0,0.0847,gped,0.43333333333333335
qwen2.5vl:7b,TUEV,0.5,0.4758454106280193,0.3305,pled,0.3076923076923077
qwen3-vl:30b-a3b-instruct,TUEV,0.5232479929967873,0.0,0.1328,pled,0.8085106382978723
bakllava:7b,TUSL,0.5,0.5454545454545454,1.0,"seiz, slow",0.8969072164948454
gemma3:12b,TUSL,0.5,0.42857142857142855,0.7216,"seiz, slow",0.3142857142857143
gemma3:27b,TUSL,0.5,0.5,0.9794,"bckg, seiz, slow",0.4842105263157895
gemma3:4b,TUSL,0.5,0.0,0.1649,"bckg, slow",0.5625
gemma4:26b,TUSL,0.5276679841897234,0.5409090909090909,0.6804,"bckg, seiz, slow",0.42424242424242425
gemma4:31b,TUSL,0.5019762845849802,0.525,0.5876,seiz,0.8596491228070176
gemma4:e2b,TUSL,0.5,0.0,0.0206,"bckg, seiz, slow",0.5
gemma4:e4b,TUSL,0.5592885375494071,0.0,0.4124,"seiz, slow",0.775
glm-ocr:latest,TUSL,0.5,0.6403162055335968,0.9897,seiz,0.3958333333333333
mistral-small3.1:24b,TUSL,0.5,0.0,0.4124,bckg,0.75
mistral-small3.2:24b,TUSL,0.4723320158102767,0.0,0.3814,seiz,0.43243243243243246
qwen2.5vl:32b,TUSL,0.45652173913043476,0.4916666666666667,0.7423,"seiz, slow",0.375
qwen2.5vl:7b,TUSL,0.5,0.5691699604743083,0.9794,"seiz, slow",0.4421052631578947
qwen3-vl:30b-a3b-instruct,TUSL,0.5,0.0,0.2784,seiz,0.3333333333333333
bakllava:7b,TUSZ,0.5,0.5801128425777302,0.1878,bckg,0.9861548143486469
gemma3:12b,TUSZ,0.5776457201456164,0.0,0.0099,bckg,0.9880952380952381
gemma3:27b,TUSZ,0.5,0.5,0.229,bckg,1.0
gemma3:4b,TUSZ,0.6189103502193802,0.0,0.003,bckg,1.0
gemma4:26b,TUSZ,0.7033339271288951,0.0,0.0017,bckg,1.0
gemma4:31b,TUSZ,0.499717633771001,0.0,0.0034,bckg,1.0
gemma4:e2b,TUSZ,0.5,0.0,0.0004,bckg,1.0
gemma4:e4b,TUSZ,0.5,0.0,0.0071,bckg,1.0
glm-ocr:latest,TUSZ,0.5,0.49989730950913946,0.7215,bckg,0.7242791612057667
mistral-small3.1:24b,TUSZ,0.5826663080820477,0.0,0.0191,bckg,0.9938271604938271
mistral-small3.2:24b,TUSZ,0.5490998629130545,0.0,0.0121,bckg,0.9607843137254902
qwen2.5vl:32b,TUSZ,0.5,0.0,0.0264,bckg,0.8385650224215246
qwen2.5vl:7b,TUSZ,0.5,0.0,0.0573,bckg,0.9958762886597938
qwen3-vl:30b-a3b-instruct,TUSZ,0.532384674087524,0.0,0.0181,bckg,1.0
